Name, Pos, Seq,,,,,,Name,Count,1-250,250-500,500-750,750-1000,1000-1250,1250-
AFP1,266 (-),AATAAT,,,,,,Sp1,57,15,2,6,9,3,22
AhR,128 (+),CACGC,,,,,,GR,44,6,6,8,6,9,9
alpha-CBF,729 (-),CCAAT,,,,,,RXR-alpha,35,6,7,3,5,7,7
alpha-CP1,729 (-),CCAAT,,,,,,VDR,26,7,0,2,6,7,4
alpha-CP2a,729 (-),CCAAT,,,,,,T3R-alpha,23,4,7,1,2,3,6
alpha-CP2b,729 (-),CCAAT,,,,,,ER-alpha,20,6,3,2,3,2,4
alpha-IRP,729 (-),CCAAT,,,,,,MyoD,20,2,4,7,2,2,3
AML1,672 (-),TGTGGG,,,,,,CAC-bindingprotein,19,7,2,1,3,1,5
AML1,1031 (-),TGTGGG,,,,,,NF-1,18,6,0,3,7,0,2
AML1,1178 (-),TGTGGG,,,,,,LBP-1,18,1,4,5,2,4,2
AML1a,672 (-),TGTGGG,,,,,,NF-1(-likeproteins),18,1,4,5,2,4,2
AML1a,1031 (-),TGTGGG,,,,,,LF-A1,17,4,1,2,2,3,5
AML1a,1178 (-),TGTGGG,,,,,,RXR-gamma,17,2,6,0,3,2,4
AML1c,672 (-),TGTGGG,,,,,,ARP-1,16,2,7,0,1,3,3
AML1c,1031 (-),TGTGGG,,,,,,RXR-beta,15,4,2,2,4,2,1
AML1c,1178 (-),TGTGGG,,,,,,AP-2alphaA,13,3,1,1,5,3,0
AP-1,93 (+),TGAGGTCA,,,,,,AP-2alphaB,13,3,1,1,5,3,0
AP-1,225 (+),GGGTCA,,,,,,GATA-1,13,1,1,5,4,1,1
AP-1,666 (+),AGATGT,,,,,,LUN-1,13,0,2,4,1,5,1
AP-1,729 (-),CCAAT,,,,,,ER-beta,12,3,1,2,1,1,4
AP-1,753 (+),GGGTCA,,,,,,Sp2,12,3,0,1,1,0,7
AP-1,1184 (+),GGGTCA,,,,,,Sp3,12,3,0,1,1,0,7
AP-1,1223 (-),CCAAG,,,,,,Sp4,12,3,0,1,1,0,7
AP-1,1294 (+),TGATC,,,,,,T3R-beta1,12,3,3,1,2,1,2
AP-1,1395 (+),CCAAG,,,,,,PPAR-alpha,12,2,3,1,1,3,2
AP-2,603 (-),TGGCC,,,,,,CACCC-bindingfactor,11,4,1,0,2,1,3
AP-2,763 (-),GGCCA,,,,,,gammaCAC1,11,4,1,0,2,1,3
AP-2,876 (-),GGCCA,,,,,,gammaCAC2,11,4,1,0,2,1,3
AP-2,987 (-),GGCCA,,,,,,FXR,11,3,2,1,3,2,0
AP-2,988 (-),TGGCC,,,,,,PPAR-gamma,11,3,2,0,2,2,2
AP-2alpha,69 (+),TGGGGA,,,,,,RAR-alpha1,11,3,2,2,2,2,0
AP-2alpha,1066 (+),TGGGGA,,,,,,HrpF,11,2,3,1,1,2,2
AP-2alphaA,40 (-),CCCCACCCCC,,,,,,TR2-11,11,2,2,0,4,2,1
AP-2alphaA,51 (-),CTGGGCTGCGGCCCA,,,,,,XrpFI,11,2,3,1,1,2,2
AP-2alphaA,69 (+),TGGGGA,,,,,,f(alpha)-f(epsilon),11,2,3,1,1,2,2
AP-2alphaA,337 (+),TGGGAG,,,,,,CAR,10,3,2,2,2,1,0
AP-2alphaA,603 (-),TGGCC,,,,,,RAR-beta,10,3,2,2,2,1,0
AP-2alphaA,763 (-),GGCCA,,,,,,c-Fos,10,3,4,0,2,1,0
AP-2alphaA,876 (-),GGCCA,,,,,,c-Jun,10,3,4,0,2,1,0
AP-2alphaA,894 (-),TGGGAG,,,,,,NF-ATp,10,1,2,1,1,4,1
AP-2alphaA,987 (-),GGCCA,,,,,,LXR-alpha,9,3,2,1,2,1,0
AP-2alphaA,988 (-),TGGCC,,,,,,AP-1,9,2,0,2,1,2,2
AP-2alphaA,1002 (-),TGGGAG,,,,,,c-Ets-2,9,0,4,1,1,2,1
AP-2alphaA,1054 (+),GGGAAGA,,,,,,YY1,8,2,0,1,1,3,1
AP-2alphaA,1066 (+),TGGGGA,,,,,,COUP,7,2,2,0,2,1,0
AP-2alphaB,40 (-),CCCCACCCCC,,,,,,PXR-1,7,2,2,0,2,1,0
AP-2alphaB,51 (-),CTGGGCTGCGGCCCA,,,,,,c-Myb,7,2,0,1,1,3,0
AP-2alphaB,69 (+),TGGGGA,,,,,,HNF-3alpha,7,0,1,1,4,1,0
AP-2alphaB,337 (+),TGGGAG,,,,,,ISGF-3,7,0,2,1,1,2,1
AP-2alphaB,603 (-),TGGCC,,,,,,NF-ATc,7,0,2,1,1,2,1
AP-2alphaB,763 (-),GGCCA,,,,,,NF-ATx,7,0,2,1,1,2,1
AP-2alphaB,876 (-),GGCCA,,,,,,NF-E,7,0,0,1,3,1,2
AP-2alphaB,894 (-),TGGGAG,,,,,,NF-Y,7,0,1,3,1,0,2
AP-2alphaB,987 (-),GGCCA,,,,,,PEA3,7,0,1,1,0,3,2
AP-2alphaB,988 (-),TGGCC,,,,,,T3R-beta2,6,2,1,0,0,1,2
AP-2alphaB,1002 (-),TGGGAG,,,,,,RAR-beta2,6,1,2,2,1,0,0
AP-2alphaB,1054 (+),GGGAAGA,,,,,,RAR-gamma1,6,1,2,2,1,0,0
AP-2alphaB,1066 (+),TGGGGA,,,,,,T3R-alpha1,6,1,2,1,2,0,0
AP-4,538 (-),CAGCTG,,,,,,TGIF,6,1,2,0,2,0,1
AR,473 (-),GGTACA,,,,,,AR,6,0,1,4,0,0,1
AR,586 (+),TGTTCT,,,,,,IL-6RE-BP,6,0,1,3,1,1,0
AR,591 (-),GGTACA,,,,,,STAT1,6,0,1,3,1,1,0
AR,659 (-),TGTTCA,,,,,,STAT5A,6,0,1,3,1,1,0
AR,682 (-),AGAGCA,,,,,,STAT5B,6,0,1,3,1,1,0
AR,1330 (+),TGTTCT,,,,,,STAT6,6,0,1,3,1,1,0
ARIX,265 (+),AATTA,,,,,,TFIID,6,0,0,1,1,1,3
ARIX,277 (-),AATTGA,,,,,,H4TF-2,5,2,0,0,1,2,0
ARIX,279 (+),AATTA,,,,,,LXR-beta,5,2,0,1,1,1,0
Arnt,128 (+),CACGC,,,,,,MAPF2,5,2,0,0,1,2,0
ARP-1,95 (+),AGGTCA,,,,,,NF-1/L,5,2,0,0,1,0,2
ARP-1,174 (+),GGGTCT,,,,,,USF2,5,2,0,0,2,1,0
ARP-1,341 (+),AGGCTG,,,,,,C/EBPalpha,5,1,1,0,1,2,0
ARP-1,347 (+),AGGCTG,,,,,,CTCF,5,1,1,0,1,0,2
ARP-1,379 (+),AGGCTG,,,,,,myogenin,5,1,1,2,0,0,1
ARP-1,409 (-),AGGCTG,,,,,,AP-2,5,0,0,1,4,0,0
ARP-1,428 (-),AGGTCT,,,,,,CP1,5,0,1,1,2,0,1
ARP-1,482 (-),AGGTCA,,,,,,GR-alpha,5,0,1,2,0,0,2
ARP-1,489 (-),AGGTCA,,,,,,GR-beta,5,0,1,2,0,0,2
ARP-1,857 (+),AGGTCA,,,,,,POU1F1a,5,0,3,1,0,1,0
ARP-1,1040 (-),AGGCTG,,,,,,SRF,5,0,0,2,0,1,2
ARP-1,1120 (-),AGGTCT,,,,,,C/EBPbeta,4,1,1,1,0,1,0
ARP-1,1248 (-),AGGAGG,,,,,,COUP-TF1,4,1,2,0,1,0,0
ARP-1,1314 (+),AGGCTG,,,,,,E12,4,1,1,2,0,0,0
ARP-1,1405 (+),AGGCTG,,,,,,ER-beta1,4,1,2,0,1,0,0
ARP-1,1413 (+),AGGCTG,,,,,,ETF,4,1,1,0,1,0,1
ASH-1,148 (-),CACCTGC,,,,,,NHP-1,4,1,2,0,1,0,0
ASH-3a,148 (-),CACCTGC,,,,,,REVERB-alpha,4,1,2,0,1,0,0
ASH-3b,148 (-),CACCTGC,,,,,,SF-1,4,1,2,0,1,0,0
ATBF1-B,266 (-),AATAAT,,,,,,SXR,4,1,2,0,1,0,0
bandIfactor,667 (-),GGACATC,,,,,,T3R,4,1,0,0,2,1,0
c-Ets-1,55 (+),CCGCA,,,,,,USF-1,4,1,0,0,2,1,0
c-Ets-1,119 (-),CCAGGAAG,,,,,,c-Ets-1,3,2,0,0,0,0,1
c-Ets-1,1480 (-),CCGCA,,,,,,CREB,3,1,2,0,0,0,0
c-Ets-2,286 (-),TTCCTT,,,,,,EMF1,3,1,0,0,0,1,1
c-Ets-2,290 (-),TTCCTT,,,,,,FOR1,3,1,0,0,1,1,0
c-Ets-2,460 (+),GGGAAG,,,,,,FOR2,3,1,0,0,1,1,0
c-Ets-2,463 (-),TTCCTT,,,,,,RAR-gamma,3,1,0,0,1,1,0
c-Ets-2,652 (-),GGGAAG,,,,,,RORalpha1,3,1,0,0,1,1,0
c-Ets-2,867 (-),AAGGAA,,,,,,RXR-beta2,3,1,0,0,1,1,0
c-Ets-2,1054 (+),GGGAAG,,,,,,ZAC-1a,3,1,0,0,0,2,0
c-Ets-2,1234 (+),GGGAAG,,,,,,AML1,3,0,0,1,0,2,0
c-Ets-2,1486 (+),GGGAAG,,,,,,AML1a,3,0,0,1,0,2,0
c-Fos,96 (+),GGTCA,,,,,,AML1c,3,0,0,1,0,2,0
c-Fos,187 (-),GGTCA,,,,,,ARIX,3,0,3,0,0,0,0
c-Fos,226 (+),GGTCA,,,,,,CCAAT-bindingfactor,3,0,0,1,0,1,1
c-Fos,265 (+),AATTA,,,,,,GATA-2,3,0,0,1,2,0,0
c-Fos,279 (+),AATTA,,,,,,GATA-3,3,0,0,1,2,0,0
c-Fos,482 (-),GGTCA,,,,,,NF-E3,3,0,0,1,1,0,1
c-Fos,489 (-),GGTCA,,,,,,NIP,3,0,0,0,0,2,1
c-Fos,754 (+),GGTCA,,,,,,PR-alpha,3,0,0,1,0,1,1
c-Fos,858 (+),GGTCA,,,,,,PR-beta,3,0,0,1,0,1,1
c-Fos,1185 (+),GGTCA,,,,,,PU.1,3,0,0,1,0,1,1
c-Jun,93 (+),TGAGGTCA,,,,,,TBP,3,0,0,0,1,1,1
c-Jun,187 (-),GGTCA,,,,,,AP-2alpha,2,1,0,0,0,1,0
c-Jun,226 (+),GGTCA,,,,,,CTF,2,1,0,1,0,0,0
c-Jun,265 (+),AATTA,,,,,,HEB,2,1,0,1,0,0,0
c-Jun,279 (+),AATTA,,,,,,LEF-1,2,1,0,0,0,0,1
c-Jun,482 (-),GGTCA,,,,,,MBP-1(1),2,1,0,0,0,1,0
c-Jun,489 (-),GGTCA,,,,,,NF-E4,2,1,0,0,0,0,1
c-Jun,754 (+),GGTCA,,,,,,NF-kappaB1,2,1,0,0,0,1,0
c-Jun,858 (+),GGTCA,,,,,,NF-kappaB2,2,1,0,0,0,1,0
c-Jun,1185 (+),GGTCA,,,,,,NF-kappaB2precursor,2,1,0,0,0,1,0
c-Myb,83 (-),GGTGAG,,,,,,NP-III,2,1,0,0,1,0,0
c-Myb,133 (+),CAACT,,,,,,PEBP2alphaA1,2,1,0,0,0,0,1
c-Myb,501 (+),CAACTT,,,,,,Pax-2,2,1,0,0,1,0,0
c-Myb,978 (-),AAACGG,,,,,,Pax-5,2,1,0,0,1,0,0
c-Myb,1085 (-),GCGTTT,,,,,,Pax-8,2,1,0,0,1,0,0
c-Myb,1106 (+),CAACT,,,,,,c-Myc,2,1,0,0,1,0,0
c-Myb,1207 (-),GGTGAG,,,,,,CP2,2,0,0,1,0,1,0
c-Myc,149 (-),CACCTG,,,,,,CREMtau,2,0,2,0,0,0,0
c-Myc,934 (-),CATGTG,,,,,,CXR,2,0,0,0,1,0,1
C/EBPalpha,49 (-),CCCAAC,,,,,,Crx,2,0,2,0,0,0,0
C/EBPalpha,398 (-),AGTGGCGCAA,,,,,,Elk-1,2,0,0,0,0,1,1
C/EBPalpha,818 (+),TTGCCT,,,,,,GATA-4,2,0,0,1,1,0,0
C/EBPalpha,1104 (+),CCCAAC,,,,,,HNF-3B,2,0,1,0,0,1,0
C/EBPalpha,1247 (-),GAGGAGGG,,,,,,MCBF,2,0,0,1,1,0,0
C/EBPbeta,49 (-),CCCAAC,,,,,,Meis-2a,2,0,0,0,1,0,1
C/EBPbeta,398 (-),AGTGGCGCAA,,,,,,Meis-2b,2,0,0,0,1,0,1
C/EBPbeta,667 (-),GGACATC,,,,,,Meis-2c,2,0,0,0,1,0,1
C/EBPbeta,1104 (+),CCCAAC,,,,,,Meis-2d,2,0,0,0,1,0,1
C/EBPdelta,398 (-),AGTGGCGCAA,,,,,,NFE-6,2,0,1,0,1,0,0
CAC-bindingprotein,20 (-),GGGGTG,,,,,,PKNOX1,2,0,0,0,1,0,1
CAC-bindingprotein,41 (+),GGGGTG,,,,,,PKNOX2,2,0,0,0,1,0,1
CAC-bindingprotein,43 (+),GGTGGGG,,,,,,PR,2,0,0,1,0,0,1
CAC-bindingprotein,81 (+),CCCTCAC,,,,,,PRA,2,0,0,1,0,0,1
CAC-bindingprotein,85 (-),GGGGTG,,,,,,Pbx-1a,2,0,0,0,1,0,1
CAC-bindingprotein,151 (-),CCACC,,,,,,Pbx-1b,2,0,0,0,1,0,1
CAC-bindingprotein,222 (-),CCACC,,,,,,Pbx-2,2,0,0,0,1,0,1
CAC-bindingprotein,306 (+),GGGGTG,,,,,,Ref-1,2,0,1,0,0,1,0
CAC-bindingprotein,308 (-),CCACC,,,,,,SAP-1a,2,0,0,0,0,1,1
CAC-bindingprotein,605 (-),GGTGG,,,,,,SAP-1b,2,0,0,0,0,1,1
CAC-bindingprotein,861 (-),GGGGTG,,,,,,UEF-3,2,0,0,0,1,0,1
CAC-bindingprotein,990 (-),GGTGG,,,,,,factorB2,2,0,0,0,2,0,0
CAC-bindingprotein,991 (-),GGGGTG,,,,,,ASH-1,1,1,0,0,0,0,0
CAC-bindingprotein,1205 (+),CCCTCAC,,,,,,ASH-3a,1,1,0,0,0,0,0
CAC-bindingprotein,1265 (-),GGTGG,,,,,,ASH-3b,1,1,0,0,0,0,0
CAC-bindingprotein,1336 (-),GGTGG,,,,,,AhR,1,1,0,0,0,0,0
CAC-bindingprotein,1344 (-),CCACC,,,,,,Arnt,1,1,0,0,0,0,0
CAC-bindingprotein,1418 (+),GGGGTG,,,,,,CRE-BP2,1,1,0,0,0,0,0
CAC-bindingprotein,1476 (+),GGGGTG,,,,,,CREBbeta,1,1,0,0,0,0,0
CACCC-bindingfactor,5 (-),CACCC,,,,,,E47,1,1,0,0,0,0,0
CACCC-bindingfactor,20 (+),CACCC,,,,,,EBP-80,1,1,0,0,0,0,0
CACCC-bindingfactor,42 (+),GGGTGG,,,,,,ITF-2,1,1,0,0,0,0,0
CACCC-bindingfactor,85 (+),CACCC,,,,,,JunD,1,1,0,0,0,0,0
CACCC-bindingfactor,307 (+),GGGTGG,,,,,,MASH-1,1,1,0,0,0,0,0
CACCC-bindingfactor,861 (+),CACCC,,,,,,MASH-2,1,1,0,0,0,0,0
CACCC-bindingfactor,990 (-),GGGTGG,,,,,,MEF1,1,1,0,0,0,0,0
CACCC-bindingfactor,1209 (+),CACCC,,,,,,MRF4,1,1,0,0,0,0,0
CACCC-bindingfactor,1265 (-),GGGTGG,,,,,,NF-Zc,1,1,0,0,0,0,0
CACCC-bindingfactor,1419 (-),CACCC,,,,,,NF-Zz,1,1,0,0,0,0,0
CACCC-bindingfactor,1477 (-),CACCC,,,,,,URTF,1,1,0,0,0,0,0
CAR,96 (-),TGACC,,,,,,ZFX,1,1,0,0,0,0,0
CAR,187 (+),TGACC,,,,,,myc-PRF,1,1,0,0,0,0,0
CAR,226 (-),TGACC,,,,,,AFP1,1,0,1,0,0,0,0
CAR,482 (+),TGACC,,,,,,AP-4,1,0,0,1,0,0,0
CAR,489 (+),TGACC,,,,,,ATBF1-B,1,0,1,0,0,0,0
CAR,580 (+),TGAAC,,,,,,C/EBPdelta,1,0,1,0,0,0,0
CAR,659 (+),TGAAC,,,,,,CBAF,1,0,0,1,0,0,0
CAR,754 (-),TGACC,,,,,,CBF(2),1,0,0,1,0,0,0
CAR,858 (-),TGACC,,,,,,CBF-A,1,0,0,1,0,0,0
CAR,1185 (-),TGACC,,,,,,CBF-B,1,0,0,1,0,0,0
CBAF,729 (+),ATTGG,,,,,,CBTF,1,0,0,1,0,0,0
CBF(2),729 (-),CCAAT,,,,,,CDP2,1,0,0,1,0,0,0
CBF-A,729 (+),ATTGG,,,,,,CP1A,1,0,0,1,0,0,0
CBF-B,729 (+),ATTGG,,,,,,CUTL1,1,0,0,1,0,0,0
CBTF,729 (+),ATTGG,,,,,,Clox,1,0,0,1,0,0,0
CCAAT-bindingfactor,728 (+),GATTGG,,,,,,Cutl1,1,0,0,1,0,0,0
CCAAT-bindingfactor,1223 (-),CCAAG,,,,,,E2F,1,0,0,1,0,0,0
CCAAT-bindingfactor,1395 (+),CCAAG,,,,,,EFI,1,0,0,1,0,0,0
CDP2,729 (-),CCAAT,,,,,,EZF-2,1,0,0,0,1,0,0
Clox,729 (-),CCAAT,,,,,,FOXM1a,1,0,1,0,0,0,0
COUP,95 (+),AGGTCA,,,,,,FOXM1b,1,0,1,0,0,0,0
COUP,225 (-),TGACCC,,,,,,Gbx2,1,0,1,0,0,0,0
COUP,482 (-),AGGTCA,,,,,,H1TF1,1,0,0,1,0,0,0
COUP,489 (-),AGGTCA,,,,,,H1TF2,1,0,0,1,0,0,0
COUP,753 (-),TGACCC,,,,,,H4TF-1,1,0,0,1,0,0,0
COUP,857 (+),AGGTCA,,,,,,HNF-1,1,0,0,0,1,0,0
COUP,1184 (-),TGACCC,,,,,,HNF-1A,1,0,0,0,1,0,0
COUP-TF1,95 (+),AGGTCA,,,,,,HNF-3,1,0,1,0,0,0,0
COUP-TF1,482 (-),AGGTCA,,,,,,HNF-3beta,1,0,1,0,0,0,0
COUP-TF1,489 (-),AGGTCA,,,,,,HiNF-A,1,0,1,0,0,0,0
COUP-TF1,857 (+),AGGTCA,,,,,,HiNF-B,1,0,0,1,0,0,0
CP1,432 (-),GACAAG,,,,,,Hp55,1,0,0,0,0,1,0
CP1,728 (+),GATTGG,,,,,,Hp65,1,0,0,0,0,1,0
CP1,870 (-),GACAAG,,,,,,IF2,1,0,0,1,0,0,0
CP1,908 (+),GCCTTG,,,,,,IPF1,1,0,0,0,0,1,0
CP1,1326 (+),GCCTTG,,,,,,LyF-1,1,0,1,0,0,0,0
CP1A,729 (+),ATTGG,,,,,,MCM1,1,0,0,1,0,0,0
CP2,729 (-),CCAAT,,,,,,MF3,1,0,0,1,0,0,0
CP2,1094 (+),AGCCACT,,,,,,MR,1,0,0,0,0,1,0
CRE-BP2,93 (+),TGAGGTCA,,,,,,MTF-1,1,0,0,0,0,0,1
CREB,93 (-),TGACCTCA,,,,,,Max,1,0,0,0,1,0,0
CREB,265 (+),AATTA,,,,,,Mitf,1,0,0,0,1,0,0
CREB,279 (+),AATTA,,,,,,NF-CLE0a,1,0,0,1,0,0,0
CREBbeta,93 (-),TGACCTCA,,,,,,NF-CLE0b,1,0,0,1,0,0,0
CREMtau,265 (+),AATTA,,,,,,NF-kappaB,1,0,0,0,1,0,0
CREMtau,279 (+),AATTA,,,,,,NFAT-1,1,0,0,0,0,1,0
Crx,278 (+),CAATTAA,,,,,,NP-IV,1,0,0,1,0,0,0
Crx,322 (-),GGATTAC,,,,,,POU1F1,1,0,1,0,0,0,0
CTCF,57 (-),GCTGC,,,,,,POU1F1b,1,0,1,0,0,0,0
CTCF,381 (+),GCTGC,,,,,,POU1F1c,1,0,1,0,0,0,0
CTCF,970 (-),GCTGC,,,,,,POU2F1,1,0,0,1,0,0,0
CTCF,1364 (-),GCTGC,,,,,,PRB,1,0,0,0,0,0,1
CTCF,1383 (+),GCTGC,,,,,,PTF,1,0,1,0,0,0,0
CTF,104 (-),TCTGGGCA,,,,,,PTF1-beta,1,0,0,0,0,1,0
CTF,728 (+),GATTGG,,,,,,RBP-Jkappa,1,0,0,0,0,1,0
CUTL1,729 (-),CCAAT,,,,,,SMAD-3,1,0,0,0,0,0,1
Cutl1,729 (-),CCAAT,,,,,,SMAD-4,1,0,0,0,0,0,1
CXR,793 (-),TGCCCT,,,,,,SREBP,1,0,0,1,0,0,0
CXR,1361 (-),TGCCCT,,,,,,SREBP-1,1,0,0,0,1,0,0
deltafactor,1212 (+),CCATTT,,,,,,SRF(504AA),1,0,0,1,0,0,0
E12,148 (-),CACCTGC,,,,,,STAT5,1,0,0,0,0,1,0
E12,478 (-),CATCTG,,,,,,TFE3-S,1,0,0,0,1,0,0
E12,538 (-),CAGCTG,,,,,,TGGCA-bindingprotein,1,0,0,1,0,0,0
E12,665 (-),CATCTG,,,,,,XPF-1,1,0,0,1,0,0,0
E2F,568 (+),TTTGGCG,,,,,,alpha-CBF,1,0,0,1,0,0,0
E47,148 (-),CACCTGC,,,,,,alpha-CP1,1,0,0,1,0,0,0
EBP-80,152 (+),GTGGT,,,,,,alpha-CP2a,1,0,0,1,0,0,0
EFI,729 (+),ATTGG,,,,,,alpha-CP2b,1,0,0,1,0,0,0
Elk-1,1020 (+),TTCCTC,,,,,,alpha-IRP,1,0,0,1,0,0,0
Elk-1,1453 (-),TTCCGA,,,,,,bandIfactor,1,0,0,1,0,0,0
EMF1,149 (-),CACCTG,,,,,,deltafactor,1,0,0,0,0,1,0
EMF1,1213 (+),CATTTG,,,,,,factor1,1,0,0,1,0,0,0
EMF1,1461 (+),CATTTG,,,,,,gammaCAAT,1,0,0,1,0,0,0
ER-alpha,8 (-),GGGCA,,,,,,muEBP-C2,1,0,0,0,1,0,0
ER-alpha,95 (-),TGACCT,,,,,,p58,1,0,0,0,0,1,0
ER-alpha,104 (-),GGGCA,,,,,,,,,,,,,
ER-alpha,125 (-),TGCCC,,,,,,,,,,,,,
ER-alpha,187 (-),GGTCA,,,,,,,,,,,,,
ER-alpha,226 (-),TGACC,,,,,,,,,,,,,
ER-alpha,415 (-),TGCCC,,,,,,,,,,,,,
ER-alpha,482 (-),AGGTCA,,,,,,,,,,,,,
ER-alpha,489 (-),AGGTCA,,,,,,,,,,,,,
ER-alpha,682 (-),GAGCA,,,,,,,,,,,,,
ER-alpha,689 (-),GGGCA,,,,,,,,,,,,,
ER-alpha,754 (-),TGACC,,,,,,,,,,,,,
ER-alpha,794 (-),TGCCC,,,,,,,,,,,,,
ER-alpha,857 (-),TGACCT,,,,,,,,,,,,,
ER-alpha,1185 (-),TGACC,,,,,,,,,,,,,
ER-alpha,1196 (-),GGGCA,,,,,,,,,,,,,
ER-alpha,1284 (-),TGCCC,,,,,,,,,,,,,
ER-alpha,1308 (-),TGCCC,,,,,,,,,,,,,
ER-alpha,1362 (-),TGCCC,,,,,,,,,,,,,
ER-alpha,1438 (-),GAGCA,,,,,,,,,,,,,
ER-beta,8 (-),GGGCA,,,,,,,,,,,,,
ER-beta,104 (-),GGGCA,,,,,,,,,,,,,
ER-beta,125 (-),TGCCC,,,,,,,,,,,,,
ER-beta,415 (-),TGCCC,,,,,,,,,,,,,
ER-beta,682 (-),GAGCA,,,,,,,,,,,,,
ER-beta,689 (-),GGGCA,,,,,,,,,,,,,
ER-beta,794 (-),TGCCC,,,,,,,,,,,,,
ER-beta,1196 (-),GGGCA,,,,,,,,,,,,,
ER-beta,1284 (-),TGCCC,,,,,,,,,,,,,
ER-beta,1308 (-),TGCCC,,,,,,,,,,,,,
ER-beta,1362 (-),TGCCC,,,,,,,,,,,,,
ER-beta,1438 (-),GAGCA,,,,,,,,,,,,,
ER-beta1,95 (-),TGACCT,,,,,,,,,,,,,
ER-beta1,482 (-),AGGTCA,,,,,,,,,,,,,
ER-beta1,489 (-),AGGTCA,,,,,,,,,,,,,
ER-beta1,857 (-),TGACCT,,,,,,,,,,,,,
ETF,42 (-),CCACCC,,,,,,,,,,,,,
ETF,307 (-),CCACCC,,,,,,,,,,,,,
ETF,990 (+),CCACCC,,,,,,,,,,,,,
ETF,1265 (+),CCACCC,,,,,,,,,,,,,
EZF-2,879 (-),AGGGAGG,,,,,,,,,,,,,
f(alpha)-f(epsilon),119 (-),GGAAG,,,,,,,,,,,,,
f(alpha)-f(epsilon),218 (+),GGAAG,,,,,,,,,,,,,
f(alpha)-f(epsilon),288 (+),GGAAG,,,,,,,,,,,,,
f(alpha)-f(epsilon),461 (+),GGAAG,,,,,,,,,,,,,
f(alpha)-f(epsilon),465 (+),GGAAG,,,,,,,,,,,,,
f(alpha)-f(epsilon),652 (-),GGAAG,,,,,,,,,,,,,
f(alpha)-f(epsilon),866 (-),GGAAG,,,,,,,,,,,,,
f(alpha)-f(epsilon),1055 (+),GGAAG,,,,,,,,,,,,,
f(alpha)-f(epsilon),1235 (+),GGAAG,,,,,,,,,,,,,
f(alpha)-f(epsilon),1455 (+),GGAAG,,,,,,,,,,,,,
f(alpha)-f(epsilon),1487 (+),GGAAG,,,,,,,,,,,,,
factor1,667 (-),GGACATC,,,,,,,,,,,,,
factorB2,789 (-),TATCA,,,,,,,,,,,,,
factorB2,824 (+),TATCA,,,,,,,,,,,,,
FOR1,225 (-),TGACCC,,,,,,,,,,,,,
FOR1,753 (-),TGACCC,,,,,,,,,,,,,
FOR1,1184 (-),TGACCC,,,,,,,,,,,,,
FOR2,225 (-),TGACCC,,,,,,,,,,,,,
FOR2,753 (-),TGACCC,,,,,,,,,,,,,
FOR2,1184 (-),TGACCC,,,,,,,,,,,,,
FOXM1a,395 (-),AAACA,,,,,,,,,,,,,
FOXM1b,395 (-),AAACA,,,,,,,,,,,,,
FXR,84 (-),GGGTGA,,,,,,,,,,,,,
FXR,95 (-),TGACCT,,,,,,,,,,,,,
FXR,225 (-),TGACCC,,,,,,,,,,,,,
FXR,482 (+),TGACCT,,,,,,,,,,,,,
FXR,489 (+),TGACCT,,,,,,,,,,,,,
FXR,517 (-),GGGTTA,,,,,,,,,,,,,
FXR,753 (-),TGACCC,,,,,,,,,,,,,
FXR,857 (-),TGACCT,,,,,,,,,,,,,
FXR,860 (-),GGGTGA,,,,,,,,,,,,,
FXR,1184 (-),TGACCC,,,,,,,,,,,,,
FXR,1208 (-),GGGTGA,,,,,,,,,,,,,
gammaCAAT,729 (-),CCAAT,,,,,,,,,,,,,
gammaCAC1,5 (-),CACCC,,,,,,,,,,,,,
gammaCAC1,20 (+),CACCC,,,,,,,,,,,,,
gammaCAC1,42 (-),CACCC,,,,,,,,,,,,,
gammaCAC1,85 (+),CACCC,,,,,,,,,,,,,
gammaCAC1,307 (-),CACCC,,,,,,,,,,,,,
gammaCAC1,861 (+),CACCC,,,,,,,,,,,,,
gammaCAC1,991 (+),CACCC,,,,,,,,,,,,,
gammaCAC1,1209 (+),CACCC,,,,,,,,,,,,,
gammaCAC1,1266 (+),CACCC,,,,,,,,,,,,,
gammaCAC1,1419 (-),CACCC,,,,,,,,,,,,,
gammaCAC1,1477 (-),CACCC,,,,,,,,,,,,,
gammaCAC2,5 (-),CACCC,,,,,,,,,,,,,
gammaCAC2,20 (+),CACCC,,,,,,,,,,,,,
gammaCAC2,42 (-),CACCC,,,,,,,,,,,,,
gammaCAC2,85 (+),CACCC,,,,,,,,,,,,,
gammaCAC2,307 (-),CACCC,,,,,,,,,,,,,
gammaCAC2,861 (+),CACCC,,,,,,,,,,,,,
gammaCAC2,991 (+),CACCC,,,,,,,,,,,,,
gammaCAC2,1209 (+),CACCC,,,,,,,,,,,,,
gammaCAC2,1266 (+),CACCC,,,,,,,,,,,,,
gammaCAC2,1419 (-),CACCC,,,,,,,,,,,,,
gammaCAC2,1477 (-),CACCC,,,,,,,,,,,,,
GATA-1,42 (-),CCCACCC,,,,,,,,,,,,,
GATA-1,432 (-),GACAAG,,,,,,,,,,,,,
GATA-1,509 (+),TGATT,,,,,,,,,,,,,
GATA-1,528 (-),AGATAA,,,,,,,,,,,,,
GATA-1,529 (+),TATCTC,,,,,,,,,,,,,
GATA-1,666 (+),AGATGT,,,,,,,,,,,,,
GATA-1,729 (-),CCAAT,,,,,,,,,,,,,
GATA-1,758 (-),TGATT,,,,,,,,,,,,,
GATA-1,789 (-),CTATCA,,,,,,,,,,,,,
GATA-1,821 (+),CCTTATCA,,,,,,,,,,,,,
GATA-1,870 (-),GACAAG,,,,,,,,,,,,,
GATA-1,1012 (-),AATCT,,,,,,,,,,,,,
GATA-1,1389 (-),GATAAA,,,,,,,,,,,,,
GATA-2,528 (-),AGATAA,,,,,,,,,,,,,
GATA-2,789 (+),TGATA,,,,,,,,,,,,,
GATA-2,823 (+),TTATCA,,,,,,,,,,,,,
GATA-3,528 (+),TTATCT,,,,,,,,,,,,,
GATA-3,789 (+),TGATA,,,,,,,,,,,,,
GATA-3,823 (-),TGATAA,,,,,,,,,,,,,
GATA-4,528 (-),AGATAA,,,,,,,,,,,,,
GATA-4,823 (-),TGATAA,,,,,,,,,,,,,
Gbx2,280 (-),TTAAT,,,,,,,,,,,,,
GR,14 (+),TGGCA,,,,,,,,,,,,,
GR,16 (-),TGTTGC,,,,,,,,,,,,,
GR,27 (+),TGGCA,,,,,,,,,,,,,
GR,102 (-),GGCACA,,,,,,,,,,,,,
GR,108 (+),CAGAG,,,,,,,,,,,,,
GR,114 (+),CAGAG,,,,,,,,,,,,,
GR,291 (+),AGGAAA,,,,,,,,,,,,,
GR,321 (-),ATTACA,,,,,,,,,,,,,
GR,417 (-),TGTTGC,,,,,,,,,,,,,
GR,421 (+),CAGAG,,,,,,,,,,,,,
GR,473 (-),GGTACA,,,,,,,,,,,,,
GR,486 (-),CAGAG,,,,,,,,,,,,,
GR,564 (+),GGAATTT,,,,,,,,,,,,,
GR,586 (-),AGAACA,,,,,,,,,,,,,
GR,591 (-),GGTACA,,,,,,,,,,,,,
GR,613 (-),AGGAAA,,,,,,,,,,,,,
GR,659 (-),TGTTCA,,,,,,,,,,,,,
GR,669 (+),TGTCCC,,,,,,,,,,,,,
GR,686 (-),CAGAG,,,,,,,,,,,,,
GR,731 (+),TGGACA,,,,,,,,,,,,,
GR,774 (+),TGGCA,,,,,,,,,,,,,
GR,829 (-),AAGTCC,,,,,,,,,,,,,
GR,848 (+),TGTCCC,,,,,,,,,,,,,
GR,885 (-),GGCACA,,,,,,,,,,,,,
GR,898 (+),CAGAG,,,,,,,,,,,,,
GR,947 (-),AGCACA,,,,,,,,,,,,,
GR,1019 (-),AGGAAA,,,,,,,,,,,,,
GR,1033 (+),CACACA,,,,,,,,,,,,,
GR,1063 (-),CAGAG,,,,,,,,,,,,,
GR,1135 (+),TGTCCC,,,,,,,,,,,,,
GR,1171 (-),CAGAG,,,,,,,,,,,,,
GR,1217 (-),GACACA,,,,,,,,,,,,,
GR,1219 (-),AGGACA,,,,,,,,,,,,,
GR,1225 (-),AGTCCA,,,,,,,,,,,,,
GR,1226 (-),AAGTCC,,,,,,,,,,,,,
GR,1263 (-),TGGCA,,,,,,,,,,,,,
GR,1273 (-),TGGACA,,,,,,,,,,,,,
GR,1294 (+),TGATCC,,,,,,,,,,,,,
GR,1302 (-),AGGAAA,,,,,,,,,,,,,
GR,1309 (-),TGTGCC,,,,,,,,,,,,,
GR,1330 (-),AGAACA,,,,,,,,,,,,,
GR,1352 (+),CACACA,,,,,,,,,,,,,
GR,1380 (-),AGCACA,,,,,,,,,,,,,
GR,1401 (-),TGGCA,,,,,,,,,,,,,
GR-alpha,321 (-),ATTACA,,,,,,,,,,,,,
GR-alpha,564 (+),GGAATTT,,,,,,,,,,,,,
GR-alpha,586 (-),AGAACA,,,,,,,,,,,,,
GR-alpha,1294 (+),TGATCC,,,,,,,,,,,,,
GR-alpha,1330 (-),AGAACA,,,,,,,,,,,,,
GR-beta,321 (-),ATTACA,,,,,,,,,,,,,
GR-beta,564 (+),GGAATTT,,,,,,,,,,,,,
GR-beta,586 (-),AGAACA,,,,,,,,,,,,,
GR-beta,1294 (+),TGATCC,,,,,,,,,,,,,
GR-beta,1330 (-),AGAACA,,,,,,,,,,,,,
H1TF1,728 (+),GATTGG,,,,,,,,,,,,,
H1TF2,729 (-),CCAAT,,,,,,,,,,,,,
H4TF-1,510 (+),GATTTC,,,,,,,,,,,,,
H4TF-2,204 (-),GGTCC,,,,,,,,,,,,,
H4TF-2,245 (-),GGTCC,,,,,,,,,,,,,
H4TF-2,784 (+),GGTCC,,,,,,,,,,,,,
H4TF-2,1152 (+),GGTCC,,,,,,,,,,,,,
H4TF-2,1175 (+),GGTCC,,,,,,,,,,,,,
HEB,148 (-),CACCTGC,,,,,,,,,,,,,
HEB,538 (-),CAGCTG,,,,,,,,,,,,,
HiNF-A,393 (-),AAACACA,,,,,,,,,,,,,
HiNF-B,728 (+),GATTGG,,,,,,,,,,,,,
HNF-1,818 (+),TTGCCT,,,,,,,,,,,,,
HNF-1A,818 (+),TTGCCT,,,,,,,,,,,,,
HNF-3,395 (-),GCAAACA,,,,,,,,,,,,,
HNF-3alpha,395 (-),AAACA,,,,,,,,,,,,,
HNF-3alpha,603 (+),GGCCA,,,,,,,,,,,,,
HNF-3alpha,763 (-),GGCCA,,,,,,,,,,,,,
HNF-3alpha,876 (-),GGCCA,,,,,,,,,,,,,
HNF-3alpha,987 (-),GGCCA,,,,,,,,,,,,,
HNF-3alpha,988 (+),GGCCA,,,,,,,,,,,,,
HNF-3alpha,1017 (+),TATTT,,,,,,,,,,,,,
HNF-3B,395 (-),AAACA,,,,,,,,,,,,,
HNF-3B,1017 (+),TATTT,,,,,,,,,,,,,
HNF-3beta,395 (-),GCAAACA,,,,,,,,,,,,,
Hp55,1219 (+),TGTCCT,,,,,,,,,,,,,
Hp65,1219 (+),TGTCCT,,,,,,,,,,,,,
HrpF,119 (-),GGAAG,,,,,,,,,,,,,
HrpF,218 (-),CTTCC,,,,,,,,,,,,,
HrpF,288 (-),CTTCC,,,,,,,,,,,,,
HrpF,461 (-),CTTCC,,,,,,,,,,,,,
HrpF,465 (-),CTTCC,,,,,,,,,,,,,
HrpF,652 (-),GGAAG,,,,,,,,,,,,,
HrpF,866 (-),GGAAG,,,,,,,,,,,,,
HrpF,1055 (-),CTTCC,,,,,,,,,,,,,
HrpF,1235 (-),CTTCC,,,,,,,,,,,,,
HrpF,1455 (-),CTTCC,,,,,,,,,,,,,
HrpF,1487 (-),CTTCC,,,,,,,,,,,,,
IF2,729 (+),ATTGG,,,,,,,,,,,,,
IL-6RE-BP,326 (-),CTGGGA,,,,,,,,,,,,,
IL-6RE-BP,561 (+),CTGGGA,,,,,,,,,,,,,
IL-6RE-BP,631 (-),CTGGGA,,,,,,,,,,,,,
IL-6RE-BP,724 (+),CTGGGA,,,,,,,,,,,,,
IL-6RE-BP,895 (-),CTGGGA,,,,,,,,,,,,,
IL-6RE-BP,1232 (+),CTGGGA,,,,,,,,,,,,,
IPF1,1037 (+),CATCAG,,,,,,,,,,,,,
ISGF-3,292 (+),GGAAA,,,,,,,,,,,,,
ISGF-3,497 (-),GGAAA,,,,,,,,,,,,,
ISGF-3,613 (-),GGAAA,,,,,,,,,,,,,
ISGF-3,981 (-),GGAAA,,,,,,,,,,,,,
ISGF-3,1019 (-),GGAAA,,,,,,,,,,,,,
ISGF-3,1083 (+),GGAAA,,,,,,,,,,,,,
ISGF-3,1302 (-),GGAAA,,,,,,,,,,,,,
ITF-2,148 (-),CACCTGC,,,,,,,,,,,,,
JunD,93 (+),TGAGGTCA,,,,,,,,,,,,,
LBP-1,62 (+),CCAGC,,,,,,,,,,,,,
LBP-1,328 (+),CCAGC,,,,,,,,,,,,,
LBP-1,349 (-),CCAGC,,,,,,,,,,,,,
LBP-1,368 (+),CCAGT,,,,,,,,,,,,,
LBP-1,408 (+),CCAGC,,,,,,,,,,,,,
LBP-1,560 (-),CCAGC,,,,,,,,,,,,,
LBP-1,633 (+),CCAGC,,,,,,,,,,,,,
LBP-1,716 (-),CCAGC,,,,,,,,,,,,,
LBP-1,723 (-),CCAGC,,,,,,,,,,,,,
LBP-1,737 (+),CCAGC,,,,,,,,,,,,,
LBP-1,941 (-),CCAGC,,,,,,,,,,,,,
LBP-1,950 (-),CCAGC,,,,,,,,,,,,,
LBP-1,1007 (-),CCAGT,,,,,,,,,,,,,
LBP-1,1089 (-),CCAGC,,,,,,,,,,,,,
LBP-1,1098 (-),CCAGT,,,,,,,,,,,,,
LBP-1,1199 (+),CCAGT,,,,,,,,,,,,,
LBP-1,1415 (-),CCAGC,,,,,,,,,,,,,
LBP-1,1473 (-),CCAGC,,,,,,,,,,,,,
LEF-1,55 (+),CCGCA,,,,,,,,,,,,,
LEF-1,1480 (-),CCGCA,,,,,,,,,,,,,
LF-A1,8 (-),GGGCA,,,,,,,,,,,,,
LF-A1,104 (-),GGGCA,,,,,,,,,,,,,
LF-A1,125 (+),GGGCA,,,,,,,,,,,,,
LF-A1,225 (-),TGACCC,,,,,,,,,,,,,
LF-A1,415 (+),GGGCA,,,,,,,,,,,,,
LF-A1,553 (-),CCTTGC,,,,,,,,,,,,,
LF-A1,689 (-),GGGCA,,,,,,,,,,,,,
LF-A1,753 (-),TGACCC,,,,,,,,,,,,,
LF-A1,794 (+),GGGCA,,,,,,,,,,,,,
LF-A1,1113 (+),GAGCCT,,,,,,,,,,,,,
LF-A1,1184 (-),TGACCC,,,,,,,,,,,,,
LF-A1,1196 (-),GGGCA,,,,,,,,,,,,,
LF-A1,1284 (+),GGGCA,,,,,,,,,,,,,
LF-A1,1308 (+),GGGCA,,,,,,,,,,,,,
LF-A1,1324 (+),GAGCCT,,,,,,,,,,,,,
LF-A1,1358 (-),CCTTGC,,,,,,,,,,,,,
LF-A1,1362 (+),GGGCA,,,,,,,,,,,,,
LUN-1,326 (-),TGGGA,,,,,,,,,,,,,
LUN-1,337 (-),TCCCA,,,,,,,,,,,,,
LUN-1,562 (-),TCCCA,,,,,,,,,,,,,
LUN-1,631 (-),TGGGA,,,,,,,,,,,,,
LUN-1,671 (-),TGGGA,,,,,,,,,,,,,
LUN-1,725 (-),TCCCA,,,,,,,,,,,,,
LUN-1,895 (-),TGGGA,,,,,,,,,,,,,
LUN-1,1003 (-),TGGGA,,,,,,,,,,,,,
LUN-1,1030 (-),TGGGA,,,,,,,,,,,,,
LUN-1,1053 (-),TCCCA,,,,,,,,,,,,,
LUN-1,1177 (-),TGGGA,,,,,,,,,,,,,
LUN-1,1233 (-),TCCCA,,,,,,,,,,,,,
LUN-1,1393 (-),TGGGA,,,,,,,,,,,,,
LXR-alpha,95 (+),AGGTCA,,,,,,,,,,,,,
LXR-alpha,187 (-),CGGTCA,,,,,,,,,,,,,
LXR-alpha,225 (-),TGACCC,,,,,,,,,,,,,
LXR-alpha,482 (-),AGGTCA,,,,,,,,,,,,,
LXR-alpha,489 (-),AGGTCA,,,,,,,,,,,,,
LXR-alpha,517 (+),TAACCC,,,,,,,,,,,,,
LXR-alpha,753 (-),TGACCC,,,,,,,,,,,,,
LXR-alpha,857 (+),AGGTCA,,,,,,,,,,,,,
LXR-alpha,1184 (-),TGACCC,,,,,,,,,,,,,
LXR-beta,187 (-),CGGTCA,,,,,,,,,,,,,
LXR-beta,225 (-),TGACCC,,,,,,,,,,,,,
LXR-beta,517 (+),TAACCC,,,,,,,,,,,,,
LXR-beta,753 (-),TGACCC,,,,,,,,,,,,,
LXR-beta,1184 (-),TGACCC,,,,,,,,,,,,,
LyF-1,335 (-),CCTCCCAAA,,,,,,,,,,,,,
MAPF2,77 (-),GGAGC,,,,,,,,,,,,,
MAPF2,161 (+),GGAGC,,,,,,,,,,,,,
MAPF2,917 (-),GGAGC,,,,,,,,,,,,,
MAPF2,1092 (+),GGAGC,,,,,,,,,,,,,
MAPF2,1112 (+),GGAGC,,,,,,,,,,,,,
MASH-1,148 (-),CACCTGC,,,,,,,,,,,,,
MASH-2,148 (-),CACCTGC,,,,,,,,,,,,,
Max,934 (-),CATGTG,,,,,,,,,,,,,
MBP-1(1),69 (-),TCCCCA,,,,,,,,,,,,,
MBP-1(1),1066 (-),TCCCCA,,,,,,,,,,,,,
MCBF,676 (+),CATTCCT,,,,,,,,,,,,,
MCBF,964 (+),ATTCCT,,,,,,,,,,,,,
MCM1,667 (-),GGACATC,,,,,,,,,,,,,
MEF1,148 (-),CACCTGC,,,,,,,,,,,,,
Meis-2a,912 (-),CTGTCA,,,,,,,,,,,,,
Meis-2a,1408 (+),CTGTCA,,,,,,,,,,,,,
Meis-2b,912 (-),CTGTCA,,,,,,,,,,,,,
Meis-2b,1408 (+),CTGTCA,,,,,,,,,,,,,
Meis-2c,912 (-),CTGTCA,,,,,,,,,,,,,
Meis-2c,1408 (+),CTGTCA,,,,,,,,,,,,,
Meis-2d,912 (-),CTGTCA,,,,,,,,,,,,,
Meis-2d,1408 (+),CTGTCA,,,,,,,,,,,,,
MF3,676 (+),CATTCCT,,,,,,,,,,,,,
Mitf,934 (-),CATGTG,,,,,,,,,,,,,
MR,1219 (+),TGTCCT,,,,,,,,,,,,,
MRF4,148 (-),CACCTGC,,,,,,,,,,,,,
MTF-1,1419 (-),TGCACCC,,,,,,,,,,,,,
muEBP-C2,934 (-),CATGTG,,,,,,,,,,,,,
myc-PRF,231 (+),AGAAAGGG,,,,,,,,,,,,,
MyoD,62 (+),CCAGC,,,,,,,,,,,,,
MyoD,148 (-),CACCTGC,,,,,,,,,,,,,
MyoD,328 (+),CCAGC,,,,,,,,,,,,,
MyoD,349 (-),CCAGC,,,,,,,,,,,,,
MyoD,408 (+),CCAGC,,,,,,,,,,,,,
MyoD,478 (-),CATCTG,,,,,,,,,,,,,
MyoD,538 (-),CAGCTG,,,,,,,,,,,,,
MyoD,560 (-),CCAGC,,,,,,,,,,,,,
MyoD,633 (+),CCAGC,,,,,,,,,,,,,
MyoD,665 (-),CATCTG,,,,,,,,,,,,,
MyoD,716 (-),CCAGC,,,,,,,,,,,,,
MyoD,723 (-),CCAGC,,,,,,,,,,,,,
MyoD,737 (+),CCAGC,,,,,,,,,,,,,
MyoD,941 (-),CCAGC,,,,,,,,,,,,,
MyoD,950 (-),CCAGC,,,,,,,,,,,,,
MyoD,1089 (-),CCAGC,,,,,,,,,,,,,
MyoD,1213 (+),CATTTG,,,,,,,,,,,,,
MyoD,1415 (-),CCAGC,,,,,,,,,,,,,
MyoD,1461 (+),CATTTG,,,,,,,,,,,,,
MyoD,1473 (-),CCAGC,,,,,,,,,,,,,
myogenin,148 (-),CACCTGC,,,,,,,,,,,,,
myogenin,478 (-),CATCTG,,,,,,,,,,,,,
myogenin,521 (-),TGCCTGG,,,,,,,,,,,,,
myogenin,665 (-),CATCTG,,,,,,,,,,,,,
myogenin,1279 (+),TGCCTGG,,,,,,,,,,,,,
NF-1,14 (+),TGGCA,,,,,,,,,,,,,
NF-1,27 (+),TGGCA,,,,,,,,,,,,,
NF-1,40 (-),CCCCACCCCC,,,,,,,,,,,,,
NF-1,51 (-),CTGGGCTGCGGCCCA,,,,,,,,,,,,,
NF-1,131 (-),TTGGC,,,,,,,,,,,,,
NF-1,163 (+),AGCCAG,,,,,,,,,,,,,
NF-1,569 (-),TCGCCAA,,,,,,,,,,,,,
NF-1,603 (-),TGGCC,,,,,,,,,,,,,
NF-1,729 (-),CCAAT,,,,,,,,,,,,,
NF-1,763 (-),GGCCA,,,,,,,,,,,,,
NF-1,774 (+),TGGCA,,,,,,,,,,,,,
NF-1,876 (-),GGCCA,,,,,,,,,,,,,
NF-1,942 (-),AGCCAG,,,,,,,,,,,,,
NF-1,951 (-),AGCCAG,,,,,,,,,,,,,
NF-1,987 (-),GGCCA,,,,,,,,,,,,,
NF-1,988 (-),TGGCC,,,,,,,,,,,,,
NF-1,1263 (-),TGGCA,,,,,,,,,,,,,
NF-1,1401 (-),TGGCA,,,,,,,,,,,,,
NF-1(-likeproteins),62 (+),CCAGC,,,,,,,,,,,,,
NF-1(-likeproteins),328 (+),CCAGC,,,,,,,,,,,,,
NF-1(-likeproteins),349 (-),CCAGC,,,,,,,,,,,,,
NF-1(-likeproteins),368 (+),CCAGT,,,,,,,,,,,,,
NF-1(-likeproteins),408 (+),CCAGC,,,,,,,,,,,,,
NF-1(-likeproteins),560 (-),CCAGC,,,,,,,,,,,,,
NF-1(-likeproteins),633 (+),CCAGC,,,,,,,,,,,,,
NF-1(-likeproteins),716 (-),CCAGC,,,,,,,,,,,,,
NF-1(-likeproteins),723 (-),CCAGC,,,,,,,,,,,,,
NF-1(-likeproteins),737 (+),CCAGC,,,,,,,,,,,,,
NF-1(-likeproteins),941 (-),CCAGC,,,,,,,,,,,,,
NF-1(-likeproteins),950 (-),CCAGC,,,,,,,,,,,,,
NF-1(-likeproteins),1007 (-),CCAGT,,,,,,,,,,,,,
NF-1(-likeproteins),1089 (-),CCAGC,,,,,,,,,,,,,
NF-1(-likeproteins),1098 (-),CCAGT,,,,,,,,,,,,,
NF-1(-likeproteins),1199 (+),CCAGT,,,,,,,,,,,,,
NF-1(-likeproteins),1415 (-),CCAGC,,,,,,,,,,,,,
NF-1(-likeproteins),1473 (-),CCAGC,,,,,,,,,,,,,
NF-1/L,14 (+),TGGCA,,,,,,,,,,,,,
NF-1/L,27 (+),TGGCA,,,,,,,,,,,,,
NF-1/L,774 (+),TGGCA,,,,,,,,,,,,,
NF-1/L,1263 (-),TGGCA,,,,,,,,,,,,,
NF-1/L,1401 (-),TGGCA,,,,,,,,,,,,,
NF-ATc,292 (+),GGAAA,,,,,,,,,,,,,
NF-ATc,497 (-),GGAAA,,,,,,,,,,,,,
NF-ATc,613 (-),GGAAA,,,,,,,,,,,,,
NF-ATc,981 (-),GGAAA,,,,,,,,,,,,,
NF-ATc,1019 (-),GGAAA,,,,,,,,,,,,,
NF-ATc,1083 (+),GGAAA,,,,,,,,,,,,,
NF-ATc,1302 (-),GGAAA,,,,,,,,,,,,,
NF-ATp,161 (+),GGAGCC,,,,,,,,,,,,,
NF-ATp,291 (-),CTTTCCT,,,,,,,,,,,,,
NF-ATp,497 (-),GGAAA,,,,,,,,,,,,,
NF-ATp,613 (-),GGAAA,,,,,,,,,,,,,
NF-ATp,981 (-),GGAAA,,,,,,,,,,,,,
NF-ATp,1019 (+),TTTCCTC,,,,,,,,,,,,,
NF-ATp,1083 (+),GGAAA,,,,,,,,,,,,,
NF-ATp,1092 (+),GGAGCC,,,,,,,,,,,,,
NF-ATp,1112 (+),GGAGCC,,,,,,,,,,,,,
NF-ATp,1301 (+),CTTTCCT,,,,,,,,,,,,,
NF-ATx,292 (+),GGAAA,,,,,,,,,,,,,
NF-ATx,497 (-),GGAAA,,,,,,,,,,,,,
NF-ATx,613 (-),GGAAA,,,,,,,,,,,,,
NF-ATx,981 (-),GGAAA,,,,,,,,,,,,,
NF-ATx,1019 (-),GGAAA,,,,,,,,,,,,,
NF-ATx,1083 (+),GGAAA,,,,,,,,,,,,,
NF-ATx,1302 (-),GGAAA,,,,,,,,,,,,,
NF-CLE0a,610 (+),TCATTT,,,,,,,,,,,,,
NF-CLE0b,610 (+),TCATTT,,,,,,,,,,,,,
NF-E,729 (-),CCAAT,,,,,,,,,,,,,
NF-E,790 (-),CTATC,,,,,,,,,,,,,
NF-E,847 (+),CTGTC,,,,,,,,,,,,,
NF-E,913 (-),CTGTC,,,,,,,,,,,,,
NF-E,1242 (-),CTGTC,,,,,,,,,,,,,
NF-E,1272 (+),CTGTC,,,,,,,,,,,,,
NF-E,1408 (+),CTGTC,,,,,,,,,,,,,
NF-E3,729 (-),CCAAT,,,,,,,,,,,,,
NF-E3,908 (+),GCCTTG,,,,,,,,,,,,,
NF-E3,1326 (+),GCCTTG,,,,,,,,,,,,,
NF-E4,54 (-),GCGGC,,,,,,,,,,,,,
NF-E4,1481 (+),GCGGC,,,,,,,,,,,,,
NF-kappaB,822 (-),GATAAG,,,,,,,,,,,,,
NF-kappaB1,69 (-),TCCCCA,,,,,,,,,,,,,
NF-kappaB1,1066 (-),TCCCCA,,,,,,,,,,,,,
NF-kappaB2,69 (-),TCCCCA,,,,,,,,,,,,,
NF-kappaB2,1066 (-),TCCCCA,,,,,,,,,,,,,
NF-kappaB2precursor,69 (-),TCCCCA,,,,,,,,,,,,,
NF-kappaB2precursor,1066 (-),TCCCCA,,,,,,,,,,,,,
NF-Y,329 (+),CAGCA,,,,,,,,,,,,,
NF-Y,559 (-),CAGCA,,,,,,,,,,,,,
NF-Y,634 (+),CAGCA,,,,,,,,,,,,,
NF-Y,729 (+),ATTGG,,,,,,,,,,,,,
NF-Y,949 (-),CAGCA,,,,,,,,,,,,,
NF-Y,1356 (+),CAGCA,,,,,,,,,,,,,
NF-Y,1382 (-),CAGCA,,,,,,,,,,,,,
NF-Zc,204 (+),GGACCCT,,,,,,,,,,,,,
NF-Zz,204 (+),GGACCCT,,,,,,,,,,,,,
NFAT-1,1019 (+),TTTCCTC,,,,,,,,,,,,,
NFE-6,432 (-),GACAAG,,,,,,,,,,,,,
NFE-6,870 (-),GACAAG,,,,,,,,,,,,,
NHP-1,95 (-),TGACCT,,,,,,,,,,,,,
NHP-1,482 (-),AGGTCA,,,,,,,,,,,,,
NHP-1,489 (-),AGGTCA,,,,,,,,,,,,,
NHP-1,857 (-),TGACCT,,,,,,,,,,,,,
NIP,1069 (+),GGATG,,,,,,,,,,,,,
NIP,1073 (+),GGATG,,,,,,,,,,,,,
NIP,1287 (-),GGATG,,,,,,,,,,,,,
NP-III,96 (-),GTGACC,,,,,,,,,,,,,
NP-III,858 (-),GTGACC,,,,,,,,,,,,,
NP-IV,743 (+),CTTTGTC,,,,,,,,,,,,,
p58,1219 (+),TGTCCT,,,,,,,,,,,,,
Pax-2,97 (-),GTGAC,,,,,,,,,,,,,
Pax-2,859 (-),GTGAC,,,,,,,,,,,,,
Pax-5,97 (-),GTGAC,,,,,,,,,,,,,
Pax-5,859 (-),GTGAC,,,,,,,,,,,,,
Pax-8,97 (-),GTGAC,,,,,,,,,,,,,
Pax-8,859 (-),GTGAC,,,,,,,,,,,,,
Pbx-1a,912 (+),TGACAG,,,,,,,,,,,,,
Pbx-1a,1408 (-),TGACAG,,,,,,,,,,,,,
Pbx-1b,912 (+),TGACAG,,,,,,,,,,,,,
Pbx-1b,1408 (-),TGACAG,,,,,,,,,,,,,
Pbx-2,912 (+),TGACAG,,,,,,,,,,,,,
Pbx-2,1408 (-),TGACAG,,,,,,,,,,,,,
PEA3,291 (+),AGGAAA,,,,,,,,,,,,,
PEA3,613 (-),AGGAAA,,,,,,,,,,,,,
PEA3,1019 (-),AGGAAA,,,,,,,,,,,,,
PEA3,1069 (+),GGATG,,,,,,,,,,,,,
PEA3,1073 (+),GGATG,,,,,,,,,,,,,
PEA3,1287 (-),GGATG,,,,,,,,,,,,,
PEA3,1302 (-),AGGAAA,,,,,,,,,,,,,
PEBP2alphaA1,55 (+),CCGCA,,,,,,,,,,,,,
PEBP2alphaA1,1480 (-),CCGCA,,,,,,,,,,,,,
PKNOX1,912 (+),TGACAG,,,,,,,,,,,,,
PKNOX1,1408 (-),TGACAG,,,,,,,,,,,,,
PKNOX2,912 (+),TGACAG,,,,,,,,,,,,,
PKNOX2,1408 (-),TGACAG,,,,,,,,,,,,,
POU1F1,270 (-),ATGCATAA,,,,,,,,,,,,,
POU1F1a,253 (+),ATGAATA,,,,,,,,,,,,,
POU1F1a,270 (-),ATGCATAA,,,,,,,,,,,,,
POU1F1a,272 (-),GATGCAT,,,,,,,,,,,,,
POU1F1a,693 (+),CATTCAT,,,,,,,,,,,,,
POU1F1a,1014 (-),TAAAT,,,,,,,,,,,,,
POU1F1b,270 (-),ATGCATAA,,,,,,,,,,,,,
POU1F1c,270 (-),ATGCATAA,,,,,,,,,,,,,
POU2F1,529 (+),TATCTC,,,,,,,,,,,,,
PPAR-alpha,79 (-),AGGGGA,,,,,,,,,,,,,
PPAR-alpha,95 (-),TGACCT,,,,,,,,,,,,,
PPAR-alpha,428 (+),AGACCT,,,,,,,,,,,,,
PPAR-alpha,482 (-),AGGTCA,,,,,,,,,,,,,
PPAR-alpha,489 (-),AGGTCA,,,,,,,,,,,,,
PPAR-alpha,580 (+),TGAACC,,,,,,,,,,,,,
PPAR-alpha,857 (-),TGACCT,,,,,,,,,,,,,
PPAR-alpha,1120 (+),AGACCT,,,,,,,,,,,,,
PPAR-alpha,1203 (-),AGGGGA,,,,,,,,,,,,,
PPAR-alpha,1219 (+),TGTCCT,,,,,,,,,,,,,
PPAR-alpha,1289 (-),AGGGGA,,,,,,,,,,,,,
PPAR-alpha,1297 (-),AGGGGA,,,,,,,,,,,,,
PPAR-gamma,79 (-),AGGGGA,,,,,,,,,,,,,
PPAR-gamma,95 (+),AGGTCA,,,,,,,,,,,,,
PPAR-gamma,225 (+),GGGTCA,,,,,,,,,,,,,
PPAR-gamma,482 (-),AGGTCA,,,,,,,,,,,,,
PPAR-gamma,489 (-),AGGTCA,,,,,,,,,,,,,
PPAR-gamma,753 (+),GGGTCA,,,,,,,,,,,,,
PPAR-gamma,857 (+),AGGTCA,,,,,,,,,,,,,
PPAR-gamma,1184 (+),GGGTCA,,,,,,,,,,,,,
PPAR-gamma,1203 (-),AGGGGA,,,,,,,,,,,,,
PPAR-gamma,1289 (-),AGGGGA,,,,,,,,,,,,,
PPAR-gamma,1297 (-),AGGGGA,,,,,,,,,,,,,
PR,586 (-),AGAACA,,,,,,,,,,,,,
PR,1330 (-),AGAACA,,,,,,,,,,,,,
PR-alpha,586 (+),TGTTCT,,,,,,,,,,,,,
PR-alpha,1219 (-),AGGACA,,,,,,,,,,,,,
PR-alpha,1330 (+),TGTTCT,,,,,,,,,,,,,
PR-beta,586 (+),TGTTCT,,,,,,,,,,,,,
PR-beta,1219 (-),AGGACA,,,,,,,,,,,,,
PR-beta,1330 (+),TGTTCT,,,,,,,,,,,,,
PRA,586 (-),AGAACA,,,,,,,,,,,,,
PRA,1330 (-),AGAACA,,,,,,,,,,,,,
PRB,1330 (+),TGTTCTCC,,,,,,,,,,,,,
PTF,257 (-),AGTAT,,,,,,,,,,,,,
PTF1-beta,1052 (+),ATGGGA,,,,,,,,,,,,,
PU.1,729 (-),CCAAT,,,,,,,,,,,,,
PU.1,1020 (+),TTCCTC,,,,,,,,,,,,,
PU.1,1449 (+),CTTCTC,,,,,,,,,,,,,
PXR-1,95 (+),AGGTCA,,,,,,,,,,,,,
PXR-1,225 (-),TGACCC,,,,,,,,,,,,,
PXR-1,482 (-),AGGTCA,,,,,,,,,,,,,
PXR-1,489 (-),AGGTCA,,,,,,,,,,,,,
PXR-1,753 (-),TGACCC,,,,,,,,,,,,,
PXR-1,857 (+),AGGTCA,,,,,,,,,,,,,
PXR-1,1184 (-),TGACCC,,,,,,,,,,,,,
RAR-alpha1,95 (+),AGGTCA,,,,,,,,,,,,,
RAR-alpha1,187 (+),TGACC,,,,,,,,,,,,,
RAR-alpha1,225 (-),TGACCC,,,,,,,,,,,,,
RAR-alpha1,482 (-),AGGTCA,,,,,,,,,,,,,
RAR-alpha1,489 (-),AGGTCA,,,,,,,,,,,,,
RAR-alpha1,580 (-),GTTCA,,,,,,,,,,,,,
RAR-alpha1,659 (-),GTTCA,,,,,,,,,,,,,
RAR-alpha1,753 (-),TGACCC,,,,,,,,,,,,,
RAR-alpha1,857 (+),AGGTCA,,,,,,,,,,,,,
RAR-alpha1,1184 (-),TGACCC,,,,,,,,,,,,,
RAR-alpha1,1219 (+),TGTCCT,,,,,,,,,,,,,
RAR-beta,95 (+),AGGTCA,,,,,,,,,,,,,
RAR-beta,187 (+),TGACC,,,,,,,,,,,,,
RAR-beta,225 (-),TGACCC,,,,,,,,,,,,,
RAR-beta,482 (-),AGGTCA,,,,,,,,,,,,,
RAR-beta,489 (-),AGGTCA,,,,,,,,,,,,,
RAR-beta,580 (-),GGTTCA,,,,,,,,,,,,,
RAR-beta,659 (+),TGAAC,,,,,,,,,,,,,
RAR-beta,753 (-),TGACCC,,,,,,,,,,,,,
RAR-beta,857 (+),AGGTCA,,,,,,,,,,,,,
RAR-beta,1184 (-),TGACCC,,,,,,,,,,,,,
RAR-beta2,95 (+),AGGTCA,,,,,,,,,,,,,
RAR-beta2,482 (-),AGGTCA,,,,,,,,,,,,,
RAR-beta2,489 (-),AGGTCA,,,,,,,,,,,,,
RAR-beta2,580 (-),GTTCA,,,,,,,,,,,,,
RAR-beta2,659 (-),GTTCA,,,,,,,,,,,,,
RAR-beta2,857 (+),AGGTCA,,,,,,,,,,,,,
RAR-gamma,225 (-),TGACCC,,,,,,,,,,,,,
RAR-gamma,753 (-),TGACCC,,,,,,,,,,,,,
RAR-gamma,1184 (-),TGACCC,,,,,,,,,,,,,
RAR-gamma1,95 (+),AGGTCA,,,,,,,,,,,,,
RAR-gamma1,482 (-),AGGTCA,,,,,,,,,,,,,
RAR-gamma1,489 (-),AGGTCA,,,,,,,,,,,,,
RAR-gamma1,580 (-),GTTCA,,,,,,,,,,,,,
RAR-gamma1,659 (-),GTTCA,,,,,,,,,,,,,
RAR-gamma1,857 (+),AGGTCA,,,,,,,,,,,,,
RBP-Jkappa,1029 (+),TTCCCAC,,,,,,,,,,,,,
Ref-1,435 (-),TGAGAC,,,,,,,,,,,,,
Ref-1,1118 (-),GTCTCA,,,,,,,,,,,,,
REVERB-alpha,95 (+),AGGTCA,,,,,,,,,,,,,
REVERB-alpha,482 (-),AGGTCA,,,,,,,,,,,,,
REVERB-alpha,489 (-),AGGTCA,,,,,,,,,,,,,
REVERB-alpha,857 (+),AGGTCA,,,,,,,,,,,,,
RORalpha1,225 (-),TGACCC,,,,,,,,,,,,,
RORalpha1,753 (-),TGACCC,,,,,,,,,,,,,
RORalpha1,1184 (-),TGACCC,,,,,,,,,,,,,
RXR-alpha,19 (-),GGGTGT,,,,,,,,,,,,,
RXR-alpha,79 (-),AGGGGA,,,,,,,,,,,,,
RXR-alpha,84 (-),GGGTGA,,,,,,,,,,,,,
RXR-alpha,95 (-),TGACCT,,,,,,,,,,,,,
RXR-alpha,187 (-),CGGTCA,,,,,,,,,,,,,
RXR-alpha,225 (-),TGACCC,,,,,,,,,,,,,
RXR-alpha,341 (+),AGGCTG,,,,,,,,,,,,,
RXR-alpha,347 (+),AGGCTG,,,,,,,,,,,,,
RXR-alpha,379 (+),AGGCTG,,,,,,,,,,,,,
RXR-alpha,409 (-),AGGCTG,,,,,,,,,,,,,
RXR-alpha,428 (+),AGACCT,,,,,,,,,,,,,
RXR-alpha,482 (-),AGGTCA,,,,,,,,,,,,,
RXR-alpha,489 (-),AGGTCA,,,,,,,,,,,,,
RXR-alpha,517 (-),GGGTTA,,,,,,,,,,,,,
RXR-alpha,580 (-),GGTTCA,,,,,,,,,,,,,
RXR-alpha,659 (+),TGAAC,,,,,,,,,,,,,
RXR-alpha,753 (-),TGACCC,,,,,,,,,,,,,
RXR-alpha,793 (-),TGCCCT,,,,,,,,,,,,,
RXR-alpha,857 (-),TGACCT,,,,,,,,,,,,,
RXR-alpha,860 (-),GGGTGA,,,,,,,,,,,,,
RXR-alpha,880 (-),AGGGAG,,,,,,,,,,,,,
RXR-alpha,1040 (-),AGGCTG,,,,,,,,,,,,,
RXR-alpha,1120 (+),AGACCT,,,,,,,,,,,,,
RXR-alpha,1184 (-),TGACCC,,,,,,,,,,,,,
RXR-alpha,1203 (-),AGGGGA,,,,,,,,,,,,,
RXR-alpha,1208 (-),GGGTGA,,,,,,,,,,,,,
RXR-alpha,1219 (-),AGGACA,,,,,,,,,,,,,
RXR-alpha,1225 (+),TGGACT,,,,,,,,,,,,,
RXR-alpha,1255 (+),TCCCCC,,,,,,,,,,,,,
RXR-alpha,1289 (-),AGGGGA,,,,,,,,,,,,,
RXR-alpha,1297 (-),AGGGGA,,,,,,,,,,,,,
RXR-alpha,1314 (+),AGGCTG,,,,,,,,,,,,,
RXR-alpha,1361 (-),TGCCCT,,,,,,,,,,,,,
RXR-alpha,1405 (+),AGGCTG,,,,,,,,,,,,,
RXR-alpha,1413 (+),AGGCTG,,,,,,,,,,,,,
RXR-beta,71 (+),GGGAGA,,,,,,,,,,,,,
RXR-beta,95 (+),AGGTCA,,,,,,,,,,,,,
RXR-beta,110 (+),GAGGCA,,,,,,,,,,,,,
RXR-beta,145 (+),GAGGCA,,,,,,,,,,,,,
RXR-beta,482 (-),AGGTCA,,,,,,,,,,,,,
RXR-beta,489 (-),AGGTCA,,,,,,,,,,,,,
RXR-beta,580 (-),GGTTCA,,,,,,,,,,,,,
RXR-beta,622 (-),AGGCCT,,,,,,,,,,,,,
RXR-beta,857 (+),AGGTCA,,,,,,,,,,,,,
RXR-beta,887 (-),GAGGCA,,,,,,,,,,,,,
RXR-beta,893 (-),GGGAGA,,,,,,,,,,,,,
RXR-beta,906 (-),AGGCCT,,,,,,,,,,,,,
RXR-beta,1001 (-),GGGAGA,,,,,,,,,,,,,
RXR-beta,1219 (+),TGTCCT,,,,,,,,,,,,,
RXR-beta,1253 (-),GGGAGA,,,,,,,,,,,,,
RXR-beta2,225 (-),TGACCC,,,,,,,,,,,,,
RXR-beta2,753 (-),TGACCC,,,,,,,,,,,,,
RXR-beta2,1184 (-),TGACCC,,,,,,,,,,,,,
RXR-gamma,95 (-),TGACCT,,,,,,,,,,,,,
RXR-gamma,225 (+),GGGTCA,,,,,,,,,,,,,
RXR-gamma,341 (+),AGGCTG,,,,,,,,,,,,,
RXR-gamma,347 (+),AGGCTG,,,,,,,,,,,,,
RXR-gamma,379 (+),AGGCTG,,,,,,,,,,,,,
RXR-gamma,409 (-),AGGCTG,,,,,,,,,,,,,
RXR-gamma,482 (-),AGGTCA,,,,,,,,,,,,,
RXR-gamma,489 (-),AGGTCA,,,,,,,,,,,,,
RXR-gamma,753 (+),GGGTCA,,,,,,,,,,,,,
RXR-gamma,793 (-),TGCCCT,,,,,,,,,,,,,
RXR-gamma,857 (-),TGACCT,,,,,,,,,,,,,
RXR-gamma,1040 (-),AGGCTG,,,,,,,,,,,,,
RXR-gamma,1184 (+),GGGTCA,,,,,,,,,,,,,
RXR-gamma,1314 (+),AGGCTG,,,,,,,,,,,,,
RXR-gamma,1361 (-),TGCCCT,,,,,,,,,,,,,
RXR-gamma,1405 (+),AGGCTG,,,,,,,,,,,,,
RXR-gamma,1413 (+),AGGCTG,,,,,,,,,,,,,
SAP-1a,1020 (+),TTCCTC,,,,,,,,,,,,,
SAP-1a,1453 (-),TTCCGA,,,,,,,,,,,,,
SAP-1b,1020 (+),TTCCTC,,,,,,,,,,,,,
SAP-1b,1453 (-),TTCCGA,,,,,,,,,,,,,
SF-1,95 (-),TGACCT,,,,,,,,,,,,,
SF-1,482 (+),TGACCT,,,,,,,,,,,,,
SF-1,489 (+),TGACCT,,,,,,,,,,,,,
SF-1,857 (-),TGACCT,,,,,,,,,,,,,
SMAD-3,1483 (-),CCCGCC,,,,,,,,,,,,,
SMAD-4,1483 (-),CCCGCC,,,,,,,,,,,,,
Sp1,1 (+),GCCCG,,,,,,,,,,,,,
Sp1,5 (-),CACCC,,,,,,,,,,,,,
Sp1,8 (-),GGGCA,,,,,,,,,,,,,
Sp1,20 (+),CACCC,,,,,,,,,,,,,
Sp1,22 (+),CCCCC,,,,,,,,,,,,,
Sp1,40 (-),CCCCC,,,,,,,,,,,,,
Sp1,42 (-),CCCACCC,,,,,,,,,,,,,
Sp1,53 (-),GCGGCC,,,,,,,,,,,,,
Sp1,85 (+),CACCC,,,,,,,,,,,,,
Sp1,102 (+),TGTGC,,,,,,,,,,,,,
Sp1,104 (-),GGGCA,,,,,,,,,,,,,
Sp1,125 (+),GGGCA,,,,,,,,,,,,,
Sp1,151 (+),GGTGG,,,,,,,,,,,,,
Sp1,180 (+),GGGGCC,,,,,,,,,,,,,
Sp1,222 (+),GGTGGG,,,,,,,,,,,,,
Sp1,307 (-),CCACCC,,,,,,,,,,,,,
Sp1,415 (+),GGGCA,,,,,,,,,,,,,
Sp1,605 (-),GGTGG,,,,,,,,,,,,,
Sp1,688 (-),GGGCAG,,,,,,,,,,,,,
Sp1,713 (-),CCCAGCCCC,,,,,,,,,,,,,
Sp1,719 (-),CCCCC,,,,,,,,,,,,,
Sp1,720 (-),CCCAGCCCC,,,,,,,,,,,,,
Sp1,729 (+),ATTGG,,,,,,,,,,,,,
Sp1,794 (+),GGGCA,,,,,,,,,,,,,
Sp1,802 (-),CCCCC,,,,,,,,,,,,,
Sp1,803 (+),GGGGCCGG,,,,,,,,,,,,,
Sp1,861 (+),CACCC,,,,,,,,,,,,,
Sp1,885 (+),TGTGC,,,,,,,,,,,,,
Sp1,947 (+),TGTGC,,,,,,,,,,,,,
Sp1,974 (+),CGCCC,,,,,,,,,,,,,
Sp1,990 (+),CCACCC,,,,,,,,,,,,,
Sp1,993 (+),CCCCTCC,,,,,,,,,,,,,
Sp1,1161 (-),GAGGGCGT,,,,,,,,,,,,,
Sp1,1195 (-),GGGCAG,,,,,,,,,,,,,
Sp1,1209 (+),CACCC,,,,,,,,,,,,,
Sp1,1256 (+),CCCCC,,,,,,,,,,,,,
Sp1,1257 (+),CCCCC,,,,,,,,,,,,,
Sp1,1258 (+),CCCCC,,,,,,,,,,,,,
Sp1,1265 (+),CCACCC,,,,,,,,,,,,,
Sp1,1284 (+),GGGCA,,,,,,,,,,,,,
Sp1,1308 (+),GGGCA,,,,,,,,,,,,,
Sp1,1310 (-),TGTGC,,,,,,,,,,,,,
Sp1,1336 (-),GGTGG,,,,,,,,,,,,,
Sp1,1344 (+),GGTGG,,,,,,,,,,,,,
Sp1,1362 (+),GGGCAG,,,,,,,,,,,,,
Sp1,1374 (-),CCCCC,,,,,,,,,,,,,
Sp1,1380 (+),TGTGC,,,,,,,,,,,,,
Sp1,1414 (+),GGCTGGG,,,,,,,,,,,,,
Sp1,1419 (-),CACCC,,,,,,,,,,,,,
Sp1,1421 (-),TGCAC,,,,,,,,,,,,,
Sp1,1433 (+),CCCCC,,,,,,,,,,,,,
Sp1,1468 (-),CCCCC,,,,,,,,,,,,,
Sp1,1469 (-),CCCCC,,,,,,,,,,,,,
Sp1,1470 (-),CCCAGCCCC,,,,,,,,,,,,,
Sp1,1477 (-),CACCC,,,,,,,,,,,,,
Sp1,1481 (+),GCGGC,,,,,,,,,,,,,
Sp1,1483 (+),GGCGGG,,,,,,,,,,,,,
Sp2,1 (+),GCCCG,,,,,,,,,,,,,
Sp2,22 (+),CCCCC,,,,,,,,,,,,,
Sp2,40 (-),CCCCC,,,,,,,,,,,,,
Sp2,719 (-),CCCCC,,,,,,,,,,,,,
Sp2,802 (-),CCCCC,,,,,,,,,,,,,
Sp2,1256 (+),CCCCC,,,,,,,,,,,,,
Sp2,1257 (+),CCCCC,,,,,,,,,,,,,
Sp2,1258 (+),CCCCC,,,,,,,,,,,,,
Sp2,1374 (-),CCCCC,,,,,,,,,,,,,
Sp2,1433 (+),CCCCC,,,,,,,,,,,,,
Sp2,1468 (-),CCCCC,,,,,,,,,,,,,
Sp2,1469 (-),CCCCC,,,,,,,,,,,,,
Sp3,1 (+),GCCCG,,,,,,,,,,,,,
Sp3,22 (+),CCCCC,,,,,,,,,,,,,
Sp3,40 (-),CCCCC,,,,,,,,,,,,,
Sp3,719 (-),CCCCC,,,,,,,,,,,,,
Sp3,802 (-),CCCCC,,,,,,,,,,,,,
Sp3,1256 (+),CCCCC,,,,,,,,,,,,,
Sp3,1257 (+),CCCCC,,,,,,,,,,,,,
Sp3,1258 (+),CCCCC,,,,,,,,,,,,,
Sp3,1374 (-),CCCCC,,,,,,,,,,,,,
Sp3,1433 (+),CCCCC,,,,,,,,,,,,,
Sp3,1468 (-),CCCCC,,,,,,,,,,,,,
Sp3,1469 (-),CCCCC,,,,,,,,,,,,,
Sp4,1 (+),GCCCG,,,,,,,,,,,,,
Sp4,22 (+),CCCCC,,,,,,,,,,,,,
Sp4,40 (-),CCCCC,,,,,,,,,,,,,
Sp4,719 (-),CCCCC,,,,,,,,,,,,,
Sp4,802 (-),CCCCC,,,,,,,,,,,,,
Sp4,1256 (+),CCCCC,,,,,,,,,,,,,
Sp4,1257 (+),CCCCC,,,,,,,,,,,,,
Sp4,1258 (+),CCCCC,,,,,,,,,,,,,
Sp4,1374 (-),CCCCC,,,,,,,,,,,,,
Sp4,1433 (+),CCCCC,,,,,,,,,,,,,
Sp4,1468 (-),CCCCC,,,,,,,,,,,,,
Sp4,1469 (-),CCCCC,,,,,,,,,,,,,
SREBP,667 (-),GGACATC,,,,,,,,,,,,,
SREBP-1,934 (-),CATGTG,,,,,,,,,,,,,
SRF,667 (-),GGACATC,,,,,,,,,,,,,
SRF,729 (-),CCAAT,,,,,,,,,,,,,
SRF,1020 (+),TTCCTC,,,,,,,,,,,,,
SRF,1397 (-),ATCTT,,,,,,,,,,,,,
SRF,1453 (-),TTCCGA,,,,,,,,,,,,,
SRF(504AA),667 (-),GGACATC,,,,,,,,,,,,,
STAT1,326 (-),CTGGGA,,,,,,,,,,,,,
STAT1,561 (+),CTGGGA,,,,,,,,,,,,,
STAT1,631 (-),CTGGGA,,,,,,,,,,,,,
STAT1,724 (+),CTGGGA,,,,,,,,,,,,,
STAT1,895 (-),CTGGGA,,,,,,,,,,,,,
STAT1,1232 (+),CTGGGA,,,,,,,,,,,,,
STAT5,1212 (+),CCATTT,,,,,,,,,,,,,
STAT5A,326 (-),CTGGGA,,,,,,,,,,,,,
STAT5A,561 (+),CTGGGA,,,,,,,,,,,,,
STAT5A,631 (-),CTGGGA,,,,,,,,,,,,,
STAT5A,724 (+),CTGGGA,,,,,,,,,,,,,
STAT5A,895 (-),CTGGGA,,,,,,,,,,,,,
STAT5A,1232 (+),CTGGGA,,,,,,,,,,,,,
STAT5B,326 (-),CTGGGA,,,,,,,,,,,,,
STAT5B,561 (+),CTGGGA,,,,,,,,,,,,,
STAT5B,631 (-),CTGGGA,,,,,,,,,,,,,
STAT5B,724 (+),CTGGGA,,,,,,,,,,,,,
STAT5B,895 (-),CTGGGA,,,,,,,,,,,,,
STAT5B,1232 (+),CTGGGA,,,,,,,,,,,,,
STAT6,326 (-),CTGGGA,,,,,,,,,,,,,
STAT6,561 (+),CTGGGA,,,,,,,,,,,,,
STAT6,631 (-),CTGGGA,,,,,,,,,,,,,
STAT6,724 (+),CTGGGA,,,,,,,,,,,,,
STAT6,895 (-),CTGGGA,,,,,,,,,,,,,
STAT6,1232 (+),CTGGGA,,,,,,,,,,,,,
SXR,95 (+),AGGTCA,,,,,,,,,,,,,
SXR,482 (-),AGGTCA,,,,,,,,,,,,,
SXR,489 (-),AGGTCA,,,,,,,,,,,,,
SXR,857 (+),AGGTCA,,,,,,,,,,,,,
T3R,225 (+),GGGTCA,,,,,,,,,,,,,
T3R,753 (+),GGGTCA,,,,,,,,,,,,,
T3R,880 (-),AGGGAG,,,,,,,,,,,,,
T3R,1184 (+),GGGTCA,,,,,,,,,,,,,
T3R-alpha,45 (+),TGGGGT,,,,,,,,,,,,,
T3R-alpha,86 (-),TGGGGT,,,,,,,,,,,,,
T3R-alpha,95 (+),AGGTCA,,,,,,,,,,,,,
T3R-alpha,225 (-),TGACCC,,,,,,,,,,,,,
T3R-alpha,305 (+),TGGGGT,,,,,,,,,,,,,
T3R-alpha,341 (+),AGGCTG,,,,,,,,,,,,,
T3R-alpha,347 (+),AGGCTG,,,,,,,,,,,,,
T3R-alpha,379 (+),AGGCTG,,,,,,,,,,,,,
T3R-alpha,409 (-),AGGCTG,,,,,,,,,,,,,
T3R-alpha,482 (-),AGGTCA,,,,,,,,,,,,,
T3R-alpha,489 (-),AGGTCA,,,,,,,,,,,,,
T3R-alpha,517 (+),TAACCC,,,,,,,,,,,,,
T3R-alpha,753 (-),TGACCC,,,,,,,,,,,,,
T3R-alpha,857 (+),AGGTCA,,,,,,,,,,,,,
T3R-alpha,1040 (-),AGGCTG,,,,,,,,,,,,,
T3R-alpha,1184 (-),TGACCC,,,,,,,,,,,,,
T3R-alpha,1219 (+),TGTCCT,,,,,,,,,,,,,
T3R-alpha,1314 (+),AGGCTG,,,,,,,,,,,,,
T3R-alpha,1394 (-),CTTGGG,,,,,,,,,,,,,
T3R-alpha,1405 (+),AGGCTG,,,,,,,,,,,,,
T3R-alpha,1413 (+),AGGCTG,,,,,,,,,,,,,
T3R-alpha,1417 (+),TGGGGT,,,,,,,,,,,,,
T3R-alpha,1475 (+),TGGGGT,,,,,,,,,,,,,
T3R-alpha1,95 (-),TGACCT,,,,,,,,,,,,,
T3R-alpha1,482 (-),AGGTCA,,,,,,,,,,,,,
T3R-alpha1,489 (-),AGGTCA,,,,,,,,,,,,,
T3R-alpha1,622 (-),AGGCCT,,,,,,,,,,,,,
T3R-alpha1,857 (-),TGACCT,,,,,,,,,,,,,
T3R-alpha1,906 (-),AGGCCT,,,,,,,,,,,,,
T3R-beta1,45 (+),TGGGGT,,,,,,,,,,,,,
T3R-beta1,86 (-),TGGGGT,,,,,,,,,,,,,
T3R-beta1,95 (-),TGACCT,,,,,,,,,,,,,
T3R-beta1,305 (+),TGGGGT,,,,,,,,,,,,,
T3R-beta1,482 (-),AGGTCA,,,,,,,,,,,,,
T3R-beta1,489 (-),AGGTCA,,,,,,,,,,,,,
T3R-beta1,622 (-),AGGCCT,,,,,,,,,,,,,
T3R-beta1,857 (-),TGACCT,,,,,,,,,,,,,
T3R-beta1,906 (-),AGGCCT,,,,,,,,,,,,,
T3R-beta1,1219 (+),TGTCCT,,,,,,,,,,,,,
T3R-beta1,1417 (+),TGGGGT,,,,,,,,,,,,,
T3R-beta1,1475 (+),TGGGGT,,,,,,,,,,,,,
T3R-beta2,45 (+),TGGGGT,,,,,,,,,,,,,
T3R-beta2,86 (-),TGGGGT,,,,,,,,,,,,,
T3R-beta2,305 (+),TGGGGT,,,,,,,,,,,,,
T3R-beta2,1219 (+),TGTCCT,,,,,,,,,,,,,
T3R-beta2,1417 (+),TGGGGT,,,,,,,,,,,,,
T3R-beta2,1475 (+),TGGGGT,,,,,,,,,,,,,
TBP,961 (-),ATAAA,,,,,,,,,,,,,
TBP,1015 (-),ATAAA,,,,,,,,,,,,,
TBP,1389 (-),GATAAA,,,,,,,,,,,,,
TFE3-S,934 (-),CATGTG,,,,,,,,,,,,,
TFIID,715 (+),GGCTGGGG,,,,,,,,,,,,,
TFIID,961 (-),ATAAA,,,,,,,,,,,,,
TFIID,1015 (-),ATAAA,,,,,,,,,,,,,
TFIID,1389 (-),GATAAA,,,,,,,,,,,,,
TFIID,1414 (+),GGCTGGGG,,,,,,,,,,,,,
TFIID,1472 (+),GGCTGGGG,,,,,,,,,,,,,
TGGCA-bindingprotein,729 (-),CCAAT,,,,,,,,,,,,,
TGIF,95 (+),AGGTCA,,,,,,,,,,,,,
TGIF,482 (-),AGGTCA,,,,,,,,,,,,,
TGIF,489 (-),AGGTCA,,,,,,,,,,,,,
TGIF,857 (+),AGGTCA,,,,,,,,,,,,,
TGIF,912 (-),CTGTCA,,,,,,,,,,,,,
TGIF,1408 (+),CTGTCA,,,,,,,,,,,,,
TR2-11,95 (-),TGACCT,,,,,,,,,,,,,
TR2-11,225 (+),GGGTCA,,,,,,,,,,,,,
TR2-11,482 (+),TGACCT,,,,,,,,,,,,,
TR2-11,489 (+),TGACCT,,,,,,,,,,,,,
TR2-11,753 (+),GGGTCA,,,,,,,,,,,,,
TR2-11,783 (-),GGACCT,,,,,,,,,,,,,
TR2-11,793 (+),AGGGCA,,,,,,,,,,,,,
TR2-11,857 (-),TGACCT,,,,,,,,,,,,,
TR2-11,1151 (-),GGACCT,,,,,,,,,,,,,
TR2-11,1184 (+),GGGTCA,,,,,,,,,,,,,
TR2-11,1361 (+),AGGGCA,,,,,,,,,,,,,
UEF-3,912 (+),TGACAG,,,,,,,,,,,,,
UEF-3,1408 (-),TGACAG,,,,,,,,,,,,,
URTF,93 (+),TGAGGTCA,,,,,,,,,,,,,
USF-1,225 (-),TGACCC,,,,,,,,,,,,,
USF-1,753 (-),TGACCC,,,,,,,,,,,,,
USF-1,934 (-),CATGTG,,,,,,,,,,,,,
USF-1,1184 (-),TGACCC,,,,,,,,,,,,,
USF2,149 (-),CACCTG,,,,,,,,,,,,,
USF2,225 (-),TGACCC,,,,,,,,,,,,,
USF2,753 (-),TGACCC,,,,,,,,,,,,,
USF2,934 (-),CATGTG,,,,,,,,,,,,,
USF2,1184 (-),TGACCC,,,,,,,,,,,,,
VDR,8 (-),GGGGCA,,,,,,,,,,,,,
VDR,19 (-),GGGTGT,,,,,,,,,,,,,
VDR,71 (+),GGGAGA,,,,,,,,,,,,,
VDR,84 (-),GGGTGA,,,,,,,,,,,,,
VDR,110 (+),GAGGCA,,,,,,,,,,,,,
VDR,145 (+),GAGGCA,,,,,,,,,,,,,
VDR,225 (+),GGGTCA,,,,,,,,,,,,,
VDR,580 (-),GGTTCA,,,,,,,,,,,,,
VDR,706 (-),GAACTC,,,,,,,,,,,,,
VDR,753 (+),GGGTCA,,,,,,,,,,,,,
VDR,793 (-),TGCCCT,,,,,,,,,,,,,
VDR,860 (-),GGGTGA,,,,,,,,,,,,,
VDR,880 (-),AGGGAG,,,,,,,,,,,,,
VDR,887 (-),GAGGCA,,,,,,,,,,,,,
VDR,893 (-),GGGAGA,,,,,,,,,,,,,
VDR,1001 (-),GGGAGA,,,,,,,,,,,,,
VDR,1026 (-),GAACTC,,,,,,,,,,,,,
VDR,1162 (+),CGCCCT,,,,,,,,,,,,,
VDR,1184 (+),GGGTCA,,,,,,,,,,,,,
VDR,1208 (-),GGGTGA,,,,,,,,,,,,,
VDR,1219 (-),AGGACA,,,,,,,,,,,,,
VDR,1225 (+),TGGACT,,,,,,,,,,,,,
VDR,1253 (-),GGGAGA,,,,,,,,,,,,,
VDR,1255 (+),TCCCCC,,,,,,,,,,,,,
VDR,1361 (-),TGCCCT,,,,,,,,,,,,,
VDR,1478 (-),CGCACC,,,,,,,,,,,,,
XPF-1,538 (-),CAGCTG,,,,,,,,,,,,,
XrpFI,119 (-),GGAAG,,,,,,,,,,,,,
XrpFI,218 (-),CTTCC,,,,,,,,,,,,,
XrpFI,288 (-),CTTCC,,,,,,,,,,,,,
XrpFI,461 (-),CTTCC,,,,,,,,,,,,,
XrpFI,465 (-),CTTCC,,,,,,,,,,,,,
XrpFI,652 (-),GGAAG,,,,,,,,,,,,,
XrpFI,866 (-),GGAAG,,,,,,,,,,,,,
XrpFI,1055 (-),CTTCC,,,,,,,,,,,,,
XrpFI,1235 (-),CTTCC,,,,,,,,,,,,,
XrpFI,1455 (-),CTTCC,,,,,,,,,,,,,
XrpFI,1487 (-),CTTCC,,,,,,,,,,,,,
YY1,77 (-),GGAGC,,,,,,,,,,,,,
YY1,161 (+),GGAGC,,,,,,,,,,,,,
YY1,611 (+),CATTT,,,,,,,,,,,,,
YY1,917 (-),GGAGC,,,,,,,,,,,,,
YY1,1092 (+),GGAGC,,,,,,,,,,,,,
YY1,1112 (+),GGAGC,,,,,,,,,,,,,
YY1,1213 (+),CATTT,,,,,,,,,,,,,
YY1,1461 (+),CATTT,,,,,,,,,,,,,
ZAC-1a,181 (-),GGGCCC,,,,,,,,,,,,,
ZAC-1a,1101 (-),GGGCCC,,,,,,,,,,,,,
ZAC-1a,1126 (-),GGGCCC,,,,,,,,,,,,,
ZFX,179 (-),AGGGCCCCA,,,,,,,,,,,,,
